driving_time_seconds,distance_m,speed_limit_low,speed_limit_up,lane_number_min,lane_number_max,curvature_abs_min,curvature_abs_max,slope_rad_min,slope_rad_max,has_tunnel,has_toll,is_service_area,has_bridge,is_highway,road_type_1,road_type_2,road_type_3,altitude_m_avg,altitude_m_std,traffic_status,standard_remain_time_seconds,real_travel_time_seconds,avg_speed
1,301.0,100.0,100.0,3.0,5.0,0.0,0.00023,-0.00999967,0.0139991,0.0,0.0,0.0,0.0,1.0,1.0,0.0,0.0,17.8052,1.23257,0,13499.0,12278,23.19
65,900.0,100.0,100.0,3.0,5.0,0.0,0.00023,-0.00999967,0.0139991,0.0,0.0,0.0,0.0,1.0,1.0,0.0,0.0,24.0029,6.50225,0,13435.0,12214,35.43
153,0.0,100.0,100.0,3.0,5.0,0.0,0.00023,-0.00999967,0.0139991,0.0,0.0,0.0,0.0,1.0,1.0,0.0,0.0,69.2081,25.9217,0,13347.0,12126,31.64
156,900.0,100.0,100.0,3.0,5.0,0.0,0.00023,-0.00999967,0.0139991,0.0,0.0,0.0,0.0,1.0,1.0,0.0,0.0,69.2081,25.9217,0,13344.0,12123,25.24
302,800.0,100.0,100.0,3.0,5.0,0.0,0.00023,-0.00999967,0.0139991,0.0,0.0,0.0,0.0,1.0,1.0,0.0,0.0,69.2081,25.9217,0,13198.0,11977,36.9
371,100.0,100.0,100.0,4.0,4.0,0.00026,0.00058,-0.0189977,0.0229959,0.0,0.0,0.0,0.0,1.0,1.0,0.0,0.0,69.2081,25.9217,0,13129.0,11908,42.51
386,900.0,100.0,100.0,4.0,4.0,0.00026,0.00058,-0.0189977,0.0229959,0.0,0.0,0.0,0.0,1.0,1.0,0.0,0.0,69.2081,25.9217,0,13114.0,11893,52.98
449,500.0,80.0001,100.0,4.0,4.0,0.00058,0.00092,-0.00699989,0.0469654,0.0,0.0,0.0,0.0,1.0,1.0,0.0,0.0,69.2081,25.9217,0,13051.0,11830,50.37
478,1300.0,80.0001,80.0001,4.0,4.0,0.00092,0.00092,0.0189977,0.0469654,0.0,0.0,0.0,0.0,1.0,1.0,0.0,0.0,69.2081,25.9217,0,13022.0,11801,49.11
572,0.0,80.0001,80.0001,4.0,4.0,0.00052,0.00092,0.0189977,0.0469654,0.0,0.0,0.0,1.0,1.0,1.0,0.0,0.0,69.2081,25.9217,0,12928.0,11707,51.3
573,1100.0,80.0001,80.0001,4.0,4.0,0.00052,0.00052,0.0259941,0.0469654,0.0,0.0,0.0,1.0,1.0,1.0,0.0,0.0,69.2081,25.9217,0,12927.0,11706,44.19
665,300.0,80.0001,80.0001,4.0,4.0,0.00052,0.00052,0.0259941,0.0469654,0.0,0.0,0.0,1.0,1.0,1.0,0.0,0.0,69.2081,25.9217,0,12835.0,11614,47.89
683,899.0,80.0001,80.0001,4.0,4.0,0.0,0.00052,-0.0349857,0.00899976,1.0,0.0,0.0,0.0,1.0,1.0,0.0,0.0,103.573,6.54911,0,12817.0,11596,50.87
751,700.0,80.0001,80.0001,4.0,4.0,0.0,0.00052,-0.0349857,0.00899976,1.0,0.0,0.0,0.0,1.0,1.0,0.0,0.0,103.573,6.54911,0,12749.0,11528,52.14
795,700.0,80.0001,80.0001,4.0,4.0,0.0,0.00052,-0.0349857,0.00899976,1.0,0.0,0.0,0.0,1.0,1.0,0.0,0.0,118.845,6.9601,0,12705.0,11484,49.32
847,700.0,80.0001,80.0001,3.0,4.0,0.00015,0.00052,-0.0349857,0.0209969,0.0,0.0,0.0,0.0,1.0,1.0,0.0,0.0,118.845,6.9601,0,12653.0,11432,41.18
904,600.0,80.0001,80.0001,3.0,3.0,0.00015,0.00015,-0.00499996,0.0209969,0.0,0.0,0.0,0.0,1.0,1.0,0.0,0.0,118.845,6.9601,0,12596.0,11375,40.16
966,900.0,80.0001,100.0,3.0,8.0,1e-05,0.00015,-0.00499996,0.0209969,0.0,0.0,0.0,0.0,1.0,1.0,0.0,0.0,118.845,6.9601,0,12534.0,11313,40.91
1036,300.0,100.0,100.0,6.0,7.0,1e-05,0.00034,-0.0189977,-0.00499996,0.0,0.0,0.0,0.0,1.0,1.0,0.0,0.0,118.845,6.9601,0,12464.0,11243,45.2
1063,400.0,100.0,100.0,5.0,7.0,1e-05,0.00015,-0.0119994,-0.00499996,0.0,0.0,0.0,0.0,1.0,1.0,0.0,0.0,118.845,6.9601,0,12437.0,11216,47.39
1090,600.0,100.0,100.0,5.0,7.0,1e-05,0.00015,-0.0119994,-0.00499996,0.0,0.0,0.0,0.0,1.0,1.0,0.0,0.0,118.845,6.9601,0,12410.0,11189,54.81
1132,700.0,100.0,100.0,5.0,7.0,1e-05,0.00015,-0.0119994,-0.00499996,0.0,0.0,0.0,0.0,1.0,1.0,0.0,0.0,118.845,6.9601,0,12368.0,11147,55.5
1174,700.0,100.0,100.0,5.0,7.0,1e-05,0.00015,-0.0119994,-0.00499996,0.0,0.0,0.0,0.0,1.0,1.0,0.0,0.0,118.845,6.9601,0,12326.0,11105,39.8
1232,199.0,100.0,100.0,5.0,7.0,1e-05,0.00015,-0.0119994,-0.00499996,0.0,0.0,0.0,0.0,1.0,1.0,0.0,0.0,92.5784,4.52902,0,12268.0,11047,28.31
1265,700.0,100.0,100.0,5.0,7.0,1e-05,0.00015,-0.0119994,-0.00499996,0.0,0.0,0.0,0.0,1.0,1.0,0.0,0.0,92.5784,4.52902,0,12235.0,11014,30.91
1383,700.0,100.0,100.0,5.0,6.0,1e-05,0.00019,-0.0139991,0.00899976,0.0,0.0,0.0,0.0,1.0,1.0,0.0,0.0,92.5784,4.52902,0,12117.0,10896,40.97
1443,600.0,100.0,100.0,5.0,7.0,0.00018,0.00019,-0.0139991,0.0139991,0.0,0.0,0.0,0.0,1.0,1.0,0.0,0.0,92.5784,4.52902,0,12057.0,10836,55.69
1486,301.0,100.0,100.0,6.0,6.0,0.00019,0.00019,-0.00899976,-0.00299999,0.0,0.0,0.0,0.0,1.0,1.0,0.0,0.0,92.5784,4.52902,0,12014.0,10793,77.59
1500,400.0,100.0,100.0,6.0,6.0,0.00019,0.00021,-0.0119994,0.00499996,0.0,0.0,0.0,0.0,1.0,1.0,0.0,0.0,92.5784,4.52902,0,12000.0,10779,79.04
1515,600.0,100.0,100.0,6.0,6.0,0.00021,0.00021,-0.0119994,0.00499996,0.0,0.0,0.0,0.0,1.0,1.0,0.0,0.0,92.5784,4.52902,0,11985.0,10764,78.41
1545,699.0,100.0,100.0,5.0,6.0,0.00021,0.00056,-0.0119994,0.0159986,0.0,0.0,0.0,0.0,1.0,1.0,0.0,0.0,92.5784,4.52902,0,11955.0,10734,77.24
1575,700.0,100.0,100.0,5.0,5.0,0.00056,0.00056,-0.0119994,0.0159986,0.0,0.0,0.0,0.0,1.0,1.0,0.0,0.0,92.5784,4.52902,0,11925.0,10704,70.79
1608,400.0,100.0,100.0,5.0,5.0,0.00056,0.00056,-0.0119994,0.0159986,0.0,0.0,0.0,0.0,1.0,1.0,0.0,0.0,92.5784,4.52902,0,11892.0,10671,75.59
1631,300.0,100.0,100.0,5.0,5.0,0.00017,0.00056,-0.0119994,0.0159986,0.0,0.0,0.0,0.0,1.0,1.0,0.0,0.0,92.5784,4.52902,0,11869.0,10648,79.05
1642,800.0,100.0,100.0,5.0,6.0,0.00017,0.00068,-0.0309901,0.0169984,0.0,0.0,0.0,0.0,1.0,1.0,0.0,0.0,73.756,8.06238,0,11858.0,10637,78.16
1678,600.0,100.0,100.0,6.0,6.0,0.00068,0.00068,-0.0309901,0.0169984,0.0,0.0,0.0,0.0,1.0,1.0,0.0,0.0,73.756,8.06238,0,11822.0,10601,75.1
1710,699.0,100.0,100.0,6.0,6.0,0.00068,0.00068,-0.0309901,0.0169984,0.0,0.0,0.0,0.0,1.0,1.0,0.0,0.0,73.756,8.06238,0,11790.0,10569,89.13
1736,700.0,100.0,100.0,5.0,8.0,0.0,0.00068,-0.0309901,0.0169984,0.0,0.0,0.0,0.0,1.0,1.0,0.0,0.0,73.756,8.06238,0,11764.0,10543,84.22
1763,600.0,100.0,100.0,5.0,6.0,0.0,1e-05,0.0,0.0189977,0.0,0.0,0.0,0.0,1.0,1.0,0.0,0.0,73.756,8.06238,0,11737.0,10516,76.38
1793,699.0,100.0,100.0,5.0,8.0,1e-05,0.00017,-0.0349857,0.0189977,0.0,0.0,0.0,0.0,1.0,1.0,0.0,1.0,73.756,8.06238,0,11707.0,10486,76.75
1823,601.0,100.0,100.0,6.0,6.0,0.00017,0.00017,-0.0349857,0.00699989,0.0,0.0,0.0,0.0,1.0,1.0,0.0,0.0,73.756,8.06238,0,11677.0,10456,76.65
1853,700.0,100.0,100.0,6.0,6.0,0.00017,0.00017,-0.0399787,0.00699989,0.0,0.0,0.0,0.0,1.0,1.0,0.0,0.0,73.756,8.06238,0,11647.0,10426,77.51
1882,600.0,100.0,100.0,6.0,6.0,0.00012,0.00017,-0.0399787,0.00999967,0.0,0.0,0.0,1.0,1.0,1.0,0.0,0.0,48.0655,5.89593,0,11618.0,10397,89.56
1908,600.0,100.0,100.0,6.0,6.0,0.00012,0.00013,-0.0259941,0.0119994,0.0,0.0,0.0,1.0,1.0,1.0,0.0,0.0,48.0655,5.89593,0,11592.0,10371,84.38
1935,601.0,100.0,100.0,6.0,6.0,0.00013,0.00013,0.002,0.0119994,0.0,0.0,0.0,0.0,1.0,1.0,0.0,0.0,48.0655,5.89593,0,11565.0,10344,76.64
1965,700.0,100.0,100.0,6.0,6.0,0.00013,0.0005,-0.00899976,0.0189977,0.0,0.0,0.0,0.0,1.0,1.0,0.0,0.0,48.0655,5.89593,0,11535.0,10314,76.66
1995,600.0,100.0,100.0,6.0,6.0,0.0005,0.0005,-0.00899976,0.0189977,0.0,0.0,0.0,0.0,1.0,1.0,0.0,0.0,48.0655,5.89593,0,11505.0,10284,75.74
2025,800.0,100.0,100.0,6.0,6.0,0.0005,0.0005,-0.00899976,0.0189977,0.0,0.0,0.0,0.0,1.0,1.0,0.0,0.0,48.0655,5.89593,0,11475.0,10254,66.02
2062,700.0,100.0,100.0,6.0,6.0,0.0005,0.0005,-0.00899976,0.0189977,0.0,0.0,0.0,0.0,1.0,1.0,0.0,0.0,48.0655,5.89593,0,11438.0,10217,71.54
2098,200.0,100.0,100.0,6.0,6.0,0.00029,0.0005,-0.00899976,0.0189977,0.0,0.0,0.0,0.0,1.0,1.0,0.0,0.0,48.0655,5.89593,0,11402.0,10181,76.89
2108,500.0,100.0,100.0,6.0,6.0,0.00029,0.0005,-0.00899976,0.0189977,0.0,0.0,0.0,0.0,1.0,1.0,0.0,0.0,48.0655,5.89593,0,11392.0,10171,76.56
2132,800.0,100.0,100.0,6.0,6.0,0.00029,0.00029,-0.00299999,0.0139991,0.0,0.0,0.0,0.0,1.0,1.0,0.0,0.0,49.9866,10.5408,0,11368.0,10147,69.08
2173,700.0,100.0,100.0,5.0,7.0,2e-05,0.00033,-0.00999967,0.0189977,0.0,0.0,0.0,0.0,1.0,1.0,0.0,0.0,49.9866,10.5408,0,11327.0,10106,68.32
2209,100.0,100.0,100.0,6.0,6.0,0.00033,0.00033,-0.00999967,-0.00999967,0.0,0.0,0.0,0.0,1.0,1.0,0.0,0.0,49.9866,10.5408,0,11291.0,10070,76.5
2216,700.0,100.0,100.0,5.0,7.0,0.00033,0.0004,-0.0239954,0.00499996,0.0,0.0,0.0,0.0,1.0,1.0,0.0,0.0,49.9866,10.5408,0,11284.0,10063,76.23
2250,700.0,100.0,100.0,6.0,6.0,8e-05,0.0004,-0.0239954,0.00499996,0.0,0.0,0.0,0.0,1.0,1.0,0.0,0.0,49.9866,10.5408,0,11250.0,10029,81.12
2280,600.0,100.0,100.0,6.0,6.0,8e-05,0.00034,-0.0229959,0.00899976,0.0,0.0,0.0,1.0,1.0,1.0,0.0,0.0,49.9866,10.5408,0,11220.0,9999,88.5
2306,700.0,100.0,100.0,6.0,6.0,0.00034,0.00034,-0.0159986,0.00899976,0.0,0.0,0.0,1.0,1.0,1.0,0.0,0.0,49.9866,10.5408,0,11194.0,9973,79.17
2335,700.0,100.0,100.0,6.0,6.0,0.00034,0.00034,-0.0159986,0.00899976,0.0,0.0,0.0,1.0,1.0,1.0,0.0,0.0,49.9866,10.5408,0,11165.0,9944,77.02
2365,600.0,100.0,100.0,6.0,6.0,0.00034,0.00034,-0.0159986,0.00899976,0.0,0.0,0.0,1.0,1.0,1.0,0.0,0.0,49.9866,10.5408,0,11135.0,9914,79.81
2394,700.0,100.0,100.0,6.0,6.0,0.00034,0.00034,-0.0119994,0.0119994,0.0,0.0,0.0,0.0,1.0,1.0,0.0,0.0,33.4626,3.12629,0,11106.0,9885,76.58
2424,600.0,100.0,100.0,6.0,6.0,0.00034,0.00034,-0.0119994,0.0119994,0.0,0.0,0.0,0.0,1.0,1.0,0.0,0.0,33.4626,3.12629,0,11076.0,9855,77.61
2455,700.0,100.0,100.0,6.0,6.0,1e-05,0.00034,-0.0119994,0.0119994,0.0,0.0,0.0,1.0,1.0,1.0,0.0,0.0,33.4626,3.12629,0,11045.0,9824,77.19
2486,700.0,0.0,100.0,6.0,6.0,1e-05,0.00072,-0.00899976,0.0139991,0.0,0.0,0.0,1.0,1.0,1.0,0.0,0.0,33.4626,3.12629,0,11014.0,9793,75.71
2518,700.0,0.0,0.0,6.0,6.0,0.00072,0.00072,-0.00499996,0.0139991,0.0,0.0,0.0,0.0,1.0,1.0,0.0,0.0,33.4626,3.12629,0,10982.0,9761,77.36
2549,600.0,0.0,0.0,6.0,6.0,0.00072,0.00072,-0.00499996,0.0139991,0.0,0.0,0.0,0.0,1.0,1.0,0.0,0.0,33.4626,3.12629,0,10951.0,9730,76.44
2579,700.0,0.0,0.0,6.0,6.0,0.00072,0.00072,-0.00499996,0.0139991,0.0,0.0,0.0,0.0,1.0,1.0,0.0,0.0,33.4626,3.12629,0,10921.0,9700,71.63
2613,900.0,0.0,100.0,5.0,8.0,0.00017,0.00072,-0.00499996,0.0189977,0.0,0.0,0.0,0.0,1.0,1.0,0.0,0.0,33.4626,3.12629,0,10887.0,9666,69.72
2659,300.0,100.0,100.0,5.0,5.0,0.0006,0.0006,0.00499996,0.0169984,0.0,0.0,0.0,0.0,1.0,1.0,0.0,0.0,41.7622,4.57707,0,10841.0,9620,71.2
2673,500.0,100.0,100.0,5.0,6.0,0.0006,0.0006,0.00299999,0.0169984,0.0,0.0,0.0,0.0,1.0,1.0,0.0,0.0,41.7622,4.57707,0,10827.0,9606,76.15
2696,700.0,0.0,100.0,5.0,8.0,0.00017,0.0006,-0.00699989,0.00499996,0.0,0.0,0.0,0.0,1.0,1.0,0.0,0.0,41.7622,4.57707,0,10804.0,9583,76.82
2728,699.0,0.0,100.0,7.0,8.0,0.00017,0.00045,-0.0189977,0.0,0.0,0.0,0.0,0.0,1.0,1.0,0.0,0.0,41.7622,4.57707,0,10772.0,9551,80.23
2758,601.0,100.0,100.0,6.0,7.0,0.00043,0.00045,-0.0189977,0.00899976,0.0,0.0,0.0,0.0,1.0,1.0,0.0,0.0,41.7622,4.57707,0,10742.0,9521,74.81
2790,700.0,100.0,100.0,6.0,6.0,0.00042,0.00042,-0.0139991,0.0169984,0.0,0.0,0.0,0.0,1.0,1.0,0.0,0.0,41.7622,4.57707,0,10710.0,9489,78.95
2819,400.0,100.0,100.0,6.0,6.0,0.00042,0.00042,-0.0139991,0.0169984,0.0,0.0,0.0,0.0,1.0,1.0,0.0,0.0,41.7622,4.57707,0,10681.0,9460,72.78
2839,300.0,100.0,100.0,6.0,6.0,0.00038,0.00042,-0.0139991,0.029991,0.0,0.0,0.0,0.0,1.0,1.0,0.0,0.0,55.9234,3.25235,0,10661.0,9440,71.39
2855,801.0,100.0,100.0,3.0,6.0,3e-05,0.00038,-0.0239954,0.029991,0.0,0.0,0.0,0.0,1.0,1.0,0.0,0.0,55.9234,3.25235,0,10645.0,9424,71.19
2894,800.0,100.0,100.0,3.0,4.0,7e-05,0.00019,-0.0239954,0.0379817,0.0,0.0,0.0,0.0,1.0,1.0,0.0,0.0,55.9234,3.25235,0,10606.0,9385,76.53
2929,300.0,100.0,100.0,4.0,4.0,0.00018,0.0002,-0.0209969,0.0379817,1.0,0.0,0.0,0.0,1.0,1.0,0.0,0.0,46.1264,6.82554,0,10571.0,9350,71.87
2946,400.0,100.0,100.0,4.0,4.0,0.00019,0.00019,-0.0209969,0.0159986,0.0,0.0,0.0,0.0,1.0,1.0,0.0,0.0,46.1264,6.82554,0,10554.0,9333,75.85
2963,600.0,100.0,100.0,3.0,6.0,2e-05,0.00019,-0.0209969,0.0159986,0.0,0.0,0.0,0.0,1.0,1.0,0.0,0.0,46.1264,6.82554,0,10537.0,9316,80.42
2994,800.0,100.0,100.0,6.0,6.0,2e-05,7e-05,-0.0209969,0.00699989,0.0,0.0,0.0,0.0,1.0,1.0,0.0,0.0,46.1264,6.82554,0,10506.0,9285,83.11
3023,600.0,100.0,100.0,6.0,6.0,7e-05,0.00019,-0.0209969,0.00699989,0.0,0.0,0.0,0.0,1.0,1.0,0.0,0.0,46.1264,6.82554,0,10477.0,9256,76.68
3054,699.0,100.0,100.0,6.0,6.0,0.00019,0.00019,-0.0209969,-0.00899976,0.0,0.0,0.0,0.0,1.0,1.0,0.0,0.0,46.1264,6.82554,0,10446.0,9225,79.04
3086,200.0,100.0,100.0,6.0,6.0,0.00019,0.0005,-0.0209969,0.0239954,0.0,0.0,0.0,0.0,1.0,1.0,0.0,0.0,46.1264,6.82554,0,10414.0,9193,81.44
3093,500.0,100.0,100.0,6.0,6.0,0.0005,0.0005,-0.00899976,0.0239954,0.0,0.0,0.0,0.0,1.0,1.0,0.0,0.0,46.1264,6.82554,0,10407.0,9186,79.48
3118,800.0,100.0,100.0,6.0,6.0,0.0005,0.0005,-0.00899976,0.0239954,0.0,0.0,0.0,0.0,1.0,1.0,0.0,0.0,46.1264,6.82554,0,10382.0,9161,76.61
3153,801.0,100.0,100.0,6.0,6.0,0.0005,0.0005,-0.0229959,0.0239954,0.0,0.0,0.0,0.0,1.0,1.0,0.0,0.0,46.1264,6.82554,0,10347.0,9126,76.62
3191,1300.0,100.0,100.0,6.0,6.0,1e-05,0.0005,-0.0229959,0.0,0.0,0.0,0.0,0.0,1.0,1.0,0.0,0.0,46.8814,6.23166,0,10309.0,9088,81.01
3249,100.0,100.0,100.0,3.0,6.0,2e-05,0.00023,-0.029991,0.00699989,0.0,0.0,0.0,1.0,1.0,1.0,0.0,0.0,21.8347,2.02515,0,10251.0,9030,81.69
3257,1100.0,100.0,100.0,3.0,6.0,2e-05,0.00023,-0.029991,0.00699989,0.0,0.0,0.0,1.0,1.0,1.0,0.0,0.0,21.8347,2.02515,0,10243.0,9022,84.78
3301,699.0,100.0,100.0,3.0,4.0,0.00023,0.00051,-0.0139991,0.0139991,0.0,0.0,0.0,1.0,1.0,1.0,0.0,0.0,21.8347,2.02515,0,10199.0,8978,75.73
3335,700.0,100.0,100.0,3.0,3.0,0.00032,0.00051,-0.0119994,0.0139991,0.0,0.0,0.0,0.0,1.0,1.0,0.0,0.0,21.8347,2.02515,0,10165.0,8944,76.45
3364,300.0,100.0,100.0,3.0,3.0,0.00032,0.00032,-0.00299999,-0.00299999,0.0,0.0,0.0,0.0,1.0,1.0,0.0,0.0,21.8347,2.02515,0,10136.0,8915,78.12
3382,1101.0,100.0,100.0,3.0,7.0,0.00022,0.0005,-0.00299999,0.00299999,0.0,0.0,0.0,0.0,1.0,1.0,0.0,0.0,21.8347,2.02515,0,10118.0,8897,78.42
3432,100.0,100.0,100.0,5.0,7.0,0.00012,0.00022,-0.00699989,0.00899976,0.0,0.0,0.0,0.0,1.0,1.0,0.0,0.0,21.8347,2.02515,0,10068.0,8847,75.6
3434,1200.0,100.0,100.0,5.0,7.0,0.00012,0.00022,-0.00699989,0.00899976,0.0,0.0,0.0,0.0,1.0,1.0,0.0,0.0,21.8347,2.02515,0,10066.0,8845,76.3
3491,400.0,100.0,100.0,6.0,7.0,0.00019,0.00019,-0.00699989,0.00899976,0.0,0.0,0.0,0.0,1.0,1.0,0.0,0.0,20.4033,1.22511,0,10009.0,8788,74.46
3510,1000.0,100.0,100.0,6.0,6.0,0.00019,0.00019,-0.00699989,0.00899976,0.0,0.0,0.0,0.0,1.0,1.0,0.0,0.0,20.4033,1.22511,0,9990.0,8769,75.66
3556,199.0,100.0,100.0,6.0,6.0,0.00019,0.00019,-0.00699989,0.00899976,0.0,0.0,0.0,0.0,1.0,1.0,0.0,0.0,20.4033,1.22511,0,9944.0,8723,71.1
3564,1101.0,100.0,100.0,5.0,7.0,0.0,0.00019,-0.00699989,0.00999967,0.0,0.0,0.0,0.0,1.0,1.0,0.0,0.0,20.4033,1.22511,0,9936.0,8715,74.74
3617,100.0,100.0,100.0,7.0,7.0,0.00019,0.00019,0.00299999,0.00899976,0.0,0.0,0.0,0.0,1.0,1.0,0.0,0.0,20.4033,1.22511,0,9883.0,8662,68.9
3625,1300.0,100.0,100.0,6.0,7.0,0.0,0.00019,-0.00699989,0.00899976,0.0,0.0,0.0,0.0,1.0,1.0,0.0,0.0,20.4033,1.22511,0,9875.0,8654,75.48
3685,101.0,0.0,100.0,6.0,6.0,1e-05,0.00019,-0.00699989,0.00299999,0.0,0.0,0.0,0.0,1.0,1.0,0.0,0.0,20.4033,1.22511,0,9815.0,8594,75.7
3690,1200.0,0.0,0.0,6.0,6.0,1e-05,0.00015,-0.00499996,0.00299999,0.0,0.0,0.0,0.0,1.0,1.0,0.0,0.0,19.1111,0.982477,0,9810.0,8589,78.35
3743,600.0,0.0,0.0,6.0,6.0,0.00015,0.00015,-0.00299999,0.00299999,0.0,0.0,0.0,0.0,1.0,1.0,0.0,0.0,21.6185,1.99511,0,9757.0,8536,75.15
3768,700.0,0.0,100.0,6.0,6.0,0.00015,0.00028,-0.00899976,0.00999967,0.0,0.0,0.0,1.0,1.0,1.0,0.0,0.0,21.6185,1.99511,0,9732.0,8511,73.21
3805,500.0,100.0,100.0,6.0,6.0,0.00028,0.00028,-0.00899976,0.00999967,0.0,0.0,0.0,1.0,1.0,1.0,0.0,0.0,21.6185,1.99511,0,9695.0,8474,70.86
3832,899.0,100.0,100.0,6.0,6.0,0.00028,0.00051,-0.0159986,0.0119994,0.0,0.0,0.0,1.0,1.0,1.0,0.0,0.0,21.6185,1.99511,0,9668.0,8447,75.77
3874,301.0,100.0,100.0,6.0,6.0,0.00051,0.00051,-0.0159986,0.0119994,0.0,0.0,0.0,1.0,1.0,1.0,0.0,0.0,21.6185,1.99511,0,9626.0,8405,79.17
3883,1000.0,100.0,100.0,6.0,7.0,0.00051,0.00053,-0.0159986,0.0209969,0.0,0.0,0.0,1.0,1.0,1.0,0.0,0.0,21.6185,1.99511,0,9617.0,8396,74.51
3934,199.0,100.0,100.0,7.0,7.0,0.00053,0.00053,-0.00499996,0.0,0.0,0.0,0.0,1.0,1.0,1.0,0.0,0.0,21.6185,1.99511,0,9566.0,8345,75.8
3947,601.0,0.0,100.0,5.0,8.0,0.00047,0.00053,-0.00499996,0.0,0.0,0.0,0.0,1.0,1.0,1.0,0.0,0.0,21.6185,1.99511,0,9553.0,8332,76.55
3968,600.0,100.0,100.0,5.0,7.0,0.0003,0.00047,-0.00499996,-0.00299999,0.0,0.0,0.0,1.0,1.0,1.0,0.0,0.0,21.6185,1.99511,0,9532.0,8311,75.63
3999,700.0,100.0,100.0,6.0,7.0,0.00032,0.00035,-0.00499996,0.00999967,0.0,0.0,0.0,1.0,1.0,1.0,0.0,0.0,21.6185,1.99511,0,9501.0,8280,75.63
4033,800.0,100.0,100.0,6.0,6.0,0.0,0.00035,-0.00499996,0.00999967,0.0,0.0,0.0,1.0,1.0,1.0,0.0,0.0,21.6185,1.99511,0,9467.0,8246,70.59
4073,0.0,100.0,100.0,6.0,6.0,0.0,0.00019,-0.00999967,0.00699989,0.0,0.0,0.0,1.0,1.0,1.0,0.0,0.0,23.3026,3.19697,0,9427.0,8206,70.52
4074,900.0,100.0,100.0,6.0,6.0,0.00019,0.00019,-0.00999967,0.00699989,0.0,0.0,0.0,1.0,1.0,1.0,0.0,0.0,23.3026,3.19697,0,9426.0,8205,65.78
4121,899.0,100.0,100.0,6.0,6.0,0.00019,0.00019,-0.00999967,0.00699989,0.0,0.0,0.0,1.0,1.0,1.0,0.0,0.0,23.3026,3.19697,0,9379.0,8158,70.82
4163,0.0,100.0,100.0,6.0,6.0,0.00019,0.00019,-0.00999967,0.00699989,0.0,0.0,0.0,1.0,1.0,1.0,0.0,0.0,23.3026,3.19697,0,9337.0,8116,68.42
4165,700.0,100.0,100.0,6.0,6.0,0.00019,0.00019,-0.00999967,0.00699989,0.0,0.0,0.0,1.0,1.0,1.0,0.0,0.0,23.3026,3.19697,0,9335.0,8114,72.62
4201,700.0,100.0,100.0,5.0,7.0,5e-05,0.00019,-0.00999967,0.00699989,0.0,0.0,0.0,1.0,1.0,1.0,0.0,0.0,23.3026,3.19697,0,9299.0,8078,74.56
4236,700.0,100.0,100.0,5.0,7.0,0.0,5e-05,-0.00899976,0.00299999,0.0,0.0,0.0,1.0,1.0,1.0,0.0,0.0,23.3026,3.19697,0,9264.0,8043,73.35
4272,100.0,100.0,100.0,6.0,6.0,1e-05,0.00027,-0.0169984,0.0209969,0.0,0.0,0.0,0.0,1.0,1.0,0.0,0.0,23.3026,3.19697,0,9228.0,8007,77.23
4274,700.0,100.0,100.0,6.0,6.0,0.00027,0.00027,-0.0169984,0.0209969,0.0,0.0,0.0,0.0,1.0,1.0,0.0,0.0,23.3026,3.19697,0,9226.0,8005,80.29
4306,800.0,100.0,100.0,6.0,6.0,0.00027,0.00027,-0.0169984,0.0209969,0.0,0.0,0.0,0.0,1.0,1.0,0.0,0.0,23.3026,3.19697,0,9194.0,7973,76.54
4342,500.0,100.0,100.0,6.0,6.0,0.00027,0.00027,-0.0169984,0.0209969,0.0,0.0,0.0,0.0,1.0,1.0,0.0,0.0,23.3026,3.19697,0,9158.0,7937,76.49
4365,400.0,100.0,100.0,6.0,6.0,1e-05,0.00027,-0.0169984,0.0209969,0.0,0.0,0.0,0.0,1.0,1.0,0.0,0.0,23.3026,3.19697,0,9135.0,7914,76.75
4385,1100.0,0.0,100.0,5.0,7.0,1e-05,0.00026,-0.0189977,-0.002,0.0,0.0,0.0,0.0,1.0,1.0,0.0,0.0,34.6348,3.81561,0,9115.0,7894,81.63
4428,100.0,100.0,100.0,6.0,6.0,0.00026,0.00027,-0.0189977,0.00899976,0.0,0.0,0.0,0.0,1.0,1.0,0.0,0.0,34.6348,3.81561,0,9072.0,7851,88.07
4433,1000.0,100.0,100.0,6.0,6.0,0.00027,0.00027,-0.0119994,0.00899976,0.0,0.0,0.0,0.0,1.0,1.0,0.0,0.0,43.6141,10.672,0,9067.0,7846,83.95
4481,300.0,100.0,100.0,5.0,6.0,1e-05,0.00027,-0.0119994,0.0169984,0.0,0.0,0.0,0.0,1.0,1.0,0.0,0.0,43.6141,10.672,0,9019.0,7798,76.58
4490,1000.0,100.0,100.0,5.0,7.0,1e-05,0.00041,0.00999967,0.0239954,0.0,0.0,0.0,0.0,1.0,1.0,0.0,0.0,43.6141,10.672,0,9010.0,7789,76.52
4542,399.0,100.0,100.0,6.0,6.0,0.0004,0.00041,0.00999967,0.0239954,0.0,0.0,0.0,0.0,1.0,1.0,0.0,0.0,43.6141,10.672,0,8958.0,7737,76.24
4555,500.0,100.0,100.0,6.0,6.0,0.0004,0.0004,-0.0169984,0.0189977,0.0,0.0,0.0,0.0,1.0,1.0,0.0,0.0,43.6141,10.672,0,8945.0,7724,76.5
4582,801.0,100.0,100.0,6.0,6.0,0.0004,0.0004,-0.0169984,0.00999967,0.0,0.0,0.0,0.0,1.0,1.0,0.0,0.0,43.6141,10.672,0,8918.0,7697,76.06
4615,600.0,100.0,100.0,5.0,6.0,0.00014,0.0005,-0.0169984,0.00999967,0.0,0.0,0.0,0.0,1.0,1.0,0.0,0.0,43.6141,10.672,0,8885.0,7664,79.98
4644,700.0,100.0,100.0,6.0,6.0,0.0005,0.0005,-0.0119994,0.00299999,0.0,0.0,0.0,0.0,1.0,1.0,0.0,0.0,43.6141,10.672,0,8856.0,7635,81.91
4673,600.0,100.0,100.0,6.0,6.0,0.0005,0.0005,-0.0119994,0.00299999,0.0,0.0,0.0,0.0,1.0,1.0,0.0,0.0,43.6141,10.672,0,8827.0,7606,81.63
4702,100.0,100.0,100.0,6.0,6.0,0.0005,0.0005,-0.0139991,0.0159986,0.0,0.0,0.0,0.0,1.0,1.0,0.0,0.0,34.6321,2.30939,0,8798.0,7577,81.65
4705,699.0,100.0,100.0,6.0,6.0,0.0005,0.0005,-0.0139991,0.0159986,0.0,0.0,0.0,0.0,1.0,1.0,0.0,0.0,34.6321,2.30939,0,8795.0,7574,86.14
4735,900.0,100.0,100.0,6.0,6.0,1e-05,0.0005,-0.0169984,0.0159986,0.0,0.0,0.0,0.0,1.0,1.0,0.0,0.0,34.6321,2.30939,0,8765.0,7544,79.92
4776,100.0,100.0,100.0,6.0,6.0,1e-05,0.00051,-0.0169984,0.0229959,0.0,0.0,0.0,1.0,1.0,1.0,0.0,0.0,34.6321,2.30939,0,8724.0,7503,77.44
4781,900.0,100.0,100.0,6.0,6.0,0.00051,0.00051,-0.0169984,0.0229959,0.0,0.0,0.0,1.0,1.0,1.0,0.0,0.0,34.2616,5.23141,0,8719.0,7498,78.77
4820,600.0,100.0,100.0,6.0,6.0,0.00051,0.00051,-0.0169984,0.0229959,0.0,0.0,0.0,1.0,1.0,1.0,0.0,0.0,34.2616,5.23141,0,8680.0,7459,76.68
4846,1200.0,100.0,100.0,5.0,7.0,0.00019,0.00051,-0.0169984,0.0229959,0.0,0.0,1.0,1.0,1.0,1.0,0.0,0.0,34.2616,5.23141,0,8654.0,7433,77.14
4900,700.0,100.0,100.0,6.0,7.0,0.00014,0.00019,-0.0169984,0.0119994,0.0,0.0,0.0,1.0,1.0,1.0,0.0,0.0,34.2616,5.23141,0,8600.0,7379,77.18
4934,400.0,100.0,100.0,6.0,6.0,0.00014,0.00091,-0.0169984,0.0309901,0.0,0.0,0.0,1.0,1.0,1.0,0.0,0.0,34.2616,5.23141,0,8566.0,7345,72.3
4957,900.0,100.0,100.0,6.0,6.0,0.00091,0.00091,-0.0119994,0.0309901,0.0,0.0,0.0,0.0,1.0,1.0,0.0,0.0,34.2616,5.23141,0,8543.0,7322,70.37
5002,300.0,100.0,100.0,6.0,6.0,0.00011,0.00091,-0.0119994,0.0309901,0.0,0.0,0.0,0.0,1.0,1.0,0.0,0.0,34.2616,5.23141,0,8498.0,7277,76.6
5017,1301.0,100.0,100.0,6.0,6.0,0.00011,0.00011,-0.00899976,0.0159986,0.0,0.0,0.0,0.0,1.0,1.0,0.0,0.0,50.7752,6.80619,0,8483.0,7262,76.83
5075,100.0,100.0,100.0,6.0,6.0,0.00011,0.00011,-0.00899976,0.0159986,0.0,0.0,0.0,0.0,1.0,1.0,0.0,0.0,50.7752,6.80619,0,8425.0,7204,75.51
5082,1200.0,100.0,100.0,6.0,6.0,0.00015,0.00017,-0.0169984,0.0139991,0.0,0.0,0.0,0.0,1.0,1.0,0.0,0.0,50.7752,6.80619,0,8418.0,7197,75.98
5136,200.0,100.0,100.0,6.0,6.0,0.00017,0.00017,-0.0169984,0.0139991,0.0,0.0,0.0,0.0,1.0,1.0,0.0,0.0,50.7752,6.80619,0,8364.0,7143,78.72
5147,1100.0,100.0,100.0,6.0,6.0,0.00017,0.00017,-0.0169984,0.0139991,0.0,0.0,0.0,0.0,1.0,1.0,0.0,0.0,50.7752,6.80619,0,8353.0,7132,77.75
5198,200.0,100.0,100.0,6.0,6.0,0.00017,0.00017,-0.0169984,0.0139991,0.0,0.0,0.0,0.0,1.0,1.0,0.0,0.0,50.7752,6.80619,0,8302.0,7081,77.03
5206,1200.0,100.0,100.0,6.0,6.0,0.00017,0.00027,-0.0169984,0.0139991,0.0,0.0,0.0,0.0,1.0,1.0,0.0,0.0,50.7752,6.80619,0,8294.0,7073,78.77
5257,300.0,100.0,100.0,6.0,6.0,0.00027,0.00027,-0.00899976,0.00699989,0.0,0.0,0.0,0.0,1.0,1.0,0.0,0.0,34.8667,4.40373,0,8243.0,7022,76.74
5273,899.0,100.0,100.0,6.0,6.0,0.00027,0.00027,-0.00899976,0.00699989,0.0,0.0,0.0,0.0,1.0,1.0,0.0,0.0,34.8667,4.40373,0,8227.0,7006,76.02
5314,1200.0,100.0,100.0,5.0,6.0,0.0,0.0004,-0.00899976,0.00699989,0.0,0.0,0.0,0.0,1.0,1.0,0.0,0.0,34.8667,4.40373,0,8186.0,6965,76.53
5372,100.0,100.0,100.0,6.0,6.0,0.0,0.0,0.0,0.0,0.0,0.0,0.0,0.0,1.0,1.0,0.0,0.0,34.8667,4.40373,0,8128.0,6907,76.61
5374,1000.0,100.0,100.0,6.0,6.0,0.0,0.0004,-0.0169984,0.00499996,0.0,0.0,0.0,0.0,1.0,1.0,0.0,0.0,20.4385,2.19641,0,8126.0,6905,78.52
5419,699.0,100.0,100.0,5.0,7.0,2e-05,0.0004,-0.0169984,0.00499996,0.0,0.0,0.0,0.0,1.0,1.0,0.0,0.0,20.4385,2.19641,0,8081.0,6860,83.86
5449,0.0,100.0,100.0,5.0,7.0,1e-05,2e-05,-0.002,0.00299999,0.0,0.0,0.0,0.0,1.0,1.0,0.0,0.0,20.4385,2.19641,0,8051.0,6830,80.32
5451,801.0,100.0,100.0,6.0,7.0,1e-05,0.00018,-0.00999967,0.00899976,0.0,0.0,0.0,1.0,1.0,1.0,0.0,0.0,20.4385,2.19641,0,8049.0,6828,76.83
5486,699.0,100.0,100.0,6.0,6.0,0.00018,0.00018,-0.00999967,0.00899976,0.0,0.0,0.0,1.0,1.0,1.0,0.0,0.0,20.4385,2.19641,0,8014.0,6793,76.99
5520,700.0,100.0,100.0,6.0,6.0,0.00018,0.00019,-0.00899976,0.00899976,0.0,0.0,0.0,1.0,1.0,1.0,0.0,0.0,20.4385,2.19641,0,7980.0,6759,70.3
5555,600.0,100.0,100.0,6.0,6.0,9e-05,0.00022,-0.00899976,0.0119994,0.0,0.0,0.0,1.0,1.0,1.0,0.0,0.0,20.4385,2.19641,0,7945.0,6724,78.41
5580,100.0,100.0,100.0,6.0,6.0,0.00022,0.00022,0.00299999,0.0119994,0.0,0.0,0.0,0.0,1.0,1.0,0.0,0.0,23.2113,2.69957,0,7920.0,6699,77.87
5585,600.0,100.0,100.0,5.0,6.0,0.00022,0.00057,0.002,0.0119994,0.0,0.0,0.0,0.0,1.0,1.0,0.0,0.0,23.2113,2.69957,0,7915.0,6694,73.96
5617,700.0,100.0,100.0,5.0,5.0,0.00057,0.00057,0.002,0.00999967,0.0,0.0,0.0,0.0,1.0,1.0,0.0,0.0,23.2113,2.69957,0,7883.0,6662,71.94
5649,700.0,100.0,100.0,5.0,6.0,0.00044,0.00071,-0.0239954,0.0309901,0.0,0.0,0.0,0.0,1.0,1.0,0.0,0.0,43.0475,6.53167,0,7851.0,6630,75.2
5680,600.0,100.0,100.0,6.0,6.0,0.00071,0.00071,-0.0239954,0.0309901,0.0,0.0,0.0,0.0,1.0,1.0,0.0,0.0,43.0475,6.53167,0,7820.0,6599,67.83
5714,700.0,100.0,100.0,6.0,6.0,0.00071,0.00071,-0.0239954,0.0309901,0.0,0.0,0.0,0.0,1.0,1.0,0.0,0.0,43.0475,6.53167,0,7786.0,6565,75.08
5744,600.0,100.0,100.0,6.0,6.0,0.00054,0.00071,-0.0239954,0.0309901,0.0,0.0,0.0,0.0,1.0,1.0,0.0,0.0,43.0475,6.53167,0,7756.0,6535,79.36
5778,900.0,100.0,100.0,6.0,6.0,0.00054,0.00054,-0.0209969,0.0279927,0.0,0.0,0.0,0.0,1.0,1.0,0.0,0.0,43.0475,6.53167,0,7722.0,6501,74.79
5815,500.0,100.0,100.0,5.0,7.0,9e-05,0.00054,-0.0229959,0.0279927,0.0,0.0,0.0,0.0,1.0,1.0,0.0,0.0,43.0475,6.53167,0,7685.0,6464,78.1
5839,200.0,100.0,100.0,5.0,6.0,9e-05,0.00034,-0.0189977,-0.00899976,0.0,0.0,0.0,0.0,1.0,1.0,0.0,0.0,43.0475,6.53167,0,7661.0,6440,81.51
5846,600.0,100.0,100.0,5.0,8.0,0.00034,0.00051,-0.0209969,0.00299999,0.0,0.0,0.0,0.0,1.0,1.0,0.0,0.0,43.0475,6.53167,0,7654.0,6433,83.0
5876,900.0,100.0,100.0,6.0,6.0,8e-05,0.00051,-0.0209969,0.00299999,0.0,0.0,0.0,0.0,1.0,1.0,0.0,0.0,43.0475,6.53167,0,7624.0,6403,85.07
5912,400.0,100.0,100.0,6.0,6.0,8e-05,0.00037,0.002,0.00899976,0.0,0.0,0.0,0.0,1.0,1.0,0.0,0.0,45.3636,9.66405,0,7588.0,6367,76.84
5930,600.0,100.0,100.0,6.0,6.0,0.00037,0.00037,0.00299999,0.00899976,0.0,0.0,0.0,0.0,1.0,1.0,0.0,0.0,45.3636,9.66405,0,7570.0,6349,74.89
5958,900.0,100.0,100.0,6.0,6.0,0.0001,0.00037,0.00299999,0.0239954,0.0,0.0,0.0,1.0,1.0,1.0,0.0,0.0,45.3636,9.66405,0,7542.0,6321,68.48
6005,100.0,100.0,100.0,6.0,6.0,0.0001,0.0001,0.00299999,0.0239954,0.0,0.0,0.0,1.0,1.0,1.0,0.0,0.0,45.3636,9.66405,0,7495.0,6274,70.44
6013,800.0,100.0,100.0,6.0,6.0,0.0001,0.0001,0.00299999,0.0239954,0.0,0.0,0.0,1.0,1.0,1.0,0.0,0.0,45.3636,9.66405,0,7487.0,6266,65.49
6049,700.0,100.0,100.0,6.0,6.0,1e-05,0.00069,0.00299999,0.0349857,0.0,0.0,0.0,1.0,1.0,1.0,0.0,0.0,45.3636,9.66405,0,7451.0,6230,68.09
6091,500.0,100.0,100.0,6.0,6.0,0.00069,0.00069,-0.032988,0.0349857,0.0,0.0,0.0,0.0,1.0,1.0,0.0,0.0,45.3636,9.66405,0,7409.0,6188,70.92
6119,200.0,100.0,100.0,6.0,6.0,0.00069,0.00069,-0.032988,0.00899976,0.0,0.0,0.0,0.0,1.0,1.0,0.0,0.0,57.325,10.3627,0,7381.0,6160,71.56
6128,700.0,100.0,100.0,6.0,6.0,0.00057,0.00069,-0.0379817,0.00899976,0.0,0.0,0.0,0.0,1.0,1.0,0.0,0.0,57.325,10.3627,0,7372.0,6151,79.73
6157,600.0,100.0,100.0,6.0,6.0,0.00057,0.00057,-0.0379817,-0.00999967,0.0,0.0,0.0,0.0,1.0,1.0,0.0,0.0,57.325,10.3627,0,7343.0,6122,88.41
6183,700.0,100.0,100.0,5.0,7.0,0.00055,0.00057,-0.0379817,0.00499996,0.0,0.0,0.0,0.0,1.0,1.0,0.0,0.0,57.325,10.3627,0,7317.0,6096,85.53
6210,700.0,100.0,100.0,5.0,7.0,1e-05,0.00055,-0.0139991,0.00899976,0.0,0.0,0.0,0.0,1.0,1.0,0.0,0.0,36.0909,5.87585,0,7290.0,6069,81.78
6240,699.0,100.0,100.0,6.0,7.0,1e-05,0.00051,-0.0229959,0.0119994,0.0,0.0,0.0,0.0,1.0,1.0,0.0,0.0,36.0909,5.87585,0,7260.0,6039,72.6
6274,700.0,100.0,100.0,6.0,6.0,0.00051,0.00051,-0.0229959,0.0119994,0.0,0.0,0.0,0.0,1.0,1.0,0.0,0.0,36.0909,5.87585,0,7226.0,6005,79.72
6307,300.0,100.0,100.0,6.0,7.0,0.00051,0.00051,-0.0229959,0.0119994,0.0,0.0,0.0,0.0,1.0,1.0,0.0,0.0,36.0909,5.87585,0,7193.0,5972,82.12
6321,700.0,100.0,100.0,5.0,7.0,8e-05,0.00051,-0.002,0.00899976,0.0,0.0,0.0,0.0,1.0,1.0,0.0,0.0,36.0909,5.87585,0,7179.0,5958,76.9
6350,700.0,100.0,100.0,5.0,7.0,1e-05,0.00018,-0.00299999,0.0259941,0.0,0.0,0.0,0.0,1.0,1.0,0.0,1.0,36.0909,5.87585,0,7150.0,5929,76.32
6388,500.0,100.0,100.0,6.0,6.0,0.00018,0.00018,0.00499996,0.0259941,0.0,0.0,0.0,0.0,1.0,1.0,0.0,0.0,36.0909,5.87585,0,7112.0,5891,74.01
6405,900.0,100.0,100.0,6.0,6.0,0.00018,0.00018,0.00499996,0.0259941,0.0,0.0,0.0,0.0,1.0,1.0,0.0,0.0,36.0909,5.87585,0,7095.0,5874,74.86
6453,400.0,100.0,100.0,6.0,6.0,0.00018,0.00018,0.00499996,0.0259941,0.0,0.0,0.0,0.0,1.0,1.0,0.0,0.0,36.0909,5.87585,0,7047.0,5826,76.97
6473,900.0,100.0,100.0,6.0,6.0,0.00018,0.00018,-0.00899976,0.0379817,0.0,0.0,0.0,0.0,1.0,1.0,0.0,0.0,36.0909,5.87585,0,7027.0,5806,78.07
6510,800.0,100.0,100.0,6.0,6.0,0.00018,0.00018,-0.00899976,0.0379817,0.0,0.0,0.0,0.0,1.0,1.0,0.0,0.0,90.7525,8.59827,0,6990.0,5769,70.36
6551,500.0,100.0,100.0,6.0,6.0,0.00018,0.00018,-0.00899976,0.0379817,0.0,0.0,0.0,0.0,1.0,1.0,0.0,0.0,90.7525,8.59827,0,6949.0,5728,68.76
6578,800.0,100.0,100.0,6.0,6.0,0.00018,0.00018,-0.00899976,0.0379817,0.0,0.0,0.0,0.0,1.0,1.0,0.0,0.0,90.7525,8.59827,0,6922.0,5701,77.71
6609,600.0,100.0,100.0,6.0,6.0,1e-05,1e-05,-0.0209969,-0.0169984,0.0,0.0,0.0,0.0,1.0,1.0,0.0,0.0,69.626,11.5694,0,6891.0,5670,86.38
6638,600.0,100.0,100.0,6.0,6.0,1e-05,0.00026,-0.0209969,0.00499996,0.0,0.0,0.0,0.0,1.0,1.0,0.0,0.0,69.626,11.5694,0,6862.0,5641,83.01
6659,800.0,100.0,100.0,6.0,6.0,0.00026,0.00026,-0.0209969,0.00499996,0.0,0.0,0.0,0.0,1.0,1.0,0.0,0.0,69.626,11.5694,0,6841.0,5620,77.21
6700,300.0,100.0,100.0,6.0,6.0,0.00026,0.00026,-0.0209969,0.00499996,0.0,0.0,0.0,0.0,1.0,1.0,0.0,0.0,69.626,11.5694,0,6800.0,5579,83.8
6713,1101.0,100.0,100.0,6.0,6.0,0.00026,0.00026,-0.0209969,0.00499996,0.0,0.0,0.0,0.0,1.0,1.0,0.0,0.0,69.626,11.5694,0,6787.0,5566,69.92
6764,100.0,100.0,100.0,6.0,6.0,0.00026,0.00026,-0.0209969,0.00499996,0.0,0.0,0.0,0.0,1.0,1.0,0.0,0.0,69.626,11.5694,0,6736.0,5515,73.92
6773,700.0,100.0,100.0,6.0,6.0,0.00018,0.00043,-0.0239954,0.00699989,0.0,0.0,0.0,0.0,1.0,1.0,0.0,0.0,49.3371,5.85008,0,6727.0,5506,75.77
6806,900.0,100.0,100.0,6.0,6.0,0.00019,0.00041,-0.0239954,0.0209969,0.0,0.0,0.0,1.0,1.0,1.0,0.0,0.0,49.3371,5.85008,0,6694.0,5473,79.55
6845,199.0,100.0,100.0,6.0,6.0,0.00019,0.00019,-0.0169984,0.0209969,0.0,0.0,0.0,1.0,1.0,1.0,0.0,0.0,49.3371,5.85008,0,6655.0,5434,77.09
6854,1000.0,100.0,100.0,6.0,6.0,0.00019,0.00019,-0.0169984,0.0209969,0.0,0.0,0.0,1.0,1.0,1.0,0.0,0.0,49.3371,5.85008,0,6646.0,5425,75.85
6901,301.0,100.0,100.0,6.0,6.0,0.0,0.00019,-0.0139991,0.00299999,0.0,0.0,0.0,0.0,1.0,1.0,0.0,0.0,49.3371,5.85008,0,6599.0,5378,77.06
6916,600.0,100.0,100.0,6.0,6.0,0.0,0.00018,-0.0139991,0.0,0.0,0.0,0.0,0.0,1.0,1.0,0.0,0.0,49.3371,5.85008,0,6584.0,5363,79.04
6941,800.0,100.0,100.0,6.0,6.0,0.00014,0.00018,-0.0139991,0.00499996,0.0,0.0,0.0,0.0,1.0,1.0,0.0,0.0,49.3371,5.85008,0,6559.0,5338,80.13
6978,400.0,100.0,100.0,6.0,6.0,0.00014,0.00014,-0.00299999,0.00499996,0.0,0.0,0.0,0.0,1.0,1.0,0.0,0.0,34.8898,1.86252,0,6522.0,5301,76.13
6997,399.0,100.0,100.0,6.0,6.0,0.00014,0.00014,-0.00299999,0.00499996,0.0,0.0,0.0,0.0,1.0,1.0,0.0,0.0,34.8898,1.86252,0,6503.0,5282,75.44
7022,900.0,100.0,100.0,6.0,6.0,0.00014,0.00014,-0.00299999,0.00499996,0.0,0.0,0.0,0.0,1.0,1.0,0.0,0.0,34.8898,1.86252,0,6478.0,5257,75.56
7055,700.0,100.0,100.0,6.0,6.0,0.00014,0.00014,-0.00299999,0.00499996,0.0,0.0,0.0,0.0,1.0,1.0,0.0,0.0,34.8898,1.86252,0,6445.0,5224,75.87
7090,0.0,100.0,100.0,6.0,6.0,0.00014,0.00014,-0.00299999,0.00499996,0.0,0.0,0.0,0.0,1.0,1.0,0.0,0.0,34.8898,1.86252,0,6410.0,5189,75.89
7092,800.0,100.0,100.0,6.0,6.0,0.00049,0.00049,-0.00499996,-0.002,0.0,0.0,0.0,0.0,1.0,1.0,0.0,0.0,35.4418,0.833103,0,6408.0,5187,75.45
7125,600.0,100.0,100.0,6.0,6.0,0.00049,0.0005,-0.00499996,0.00299999,0.0,0.0,0.0,0.0,1.0,1.0,0.0,0.0,35.4418,0.833103,0,6375.0,5154,75.18
7156,601.0,100.0,100.0,6.0,7.0,0.00019,0.0005,-0.00499996,0.00299999,0.0,0.0,0.0,0.0,1.0,1.0,0.0,0.0,35.4418,0.833103,0,6344.0,5123,75.55
7186,700.0,100.0,100.0,5.0,7.0,0.00024,0.0005,-0.00699989,0.00299999,0.0,0.0,0.0,0.0,1.0,1.0,0.0,0.0,35.4418,0.833103,0,6314.0,5093,75.39
7218,699.0,100.0,100.0,7.0,7.0,1e-05,0.0005,-0.00699989,0.0159986,0.0,0.0,0.0,0.0,1.0,1.0,0.0,0.0,35.4418,0.833103,0,6282.0,5061,75.65
7252,301.0,100.0,100.0,7.0,7.0,1e-05,1e-05,0.00299999,0.0159986,0.0,0.0,0.0,0.0,1.0,1.0,0.0,0.0,28.8186,3.92116,0,6248.0,5027,75.7
7266,400.0,0.0,100.0,5.0,8.0,0.0,0.00011,-0.0189977,0.0159986,0.0,0.0,0.0,0.0,1.0,1.0,0.0,0.0,28.8186,3.92116,0,6234.0,5013,75.71
7288,800.0,100.0,100.0,6.0,6.0,0.00011,0.00011,-0.0189977,0.00499996,0.0,0.0,0.0,0.0,1.0,1.0,0.0,0.0,28.8186,3.92116,0,6212.0,4991,76.83
7323,801.0,100.0,100.0,5.0,6.0,0.0001,0.00011,-0.0189977,0.00499996,0.0,0.0,0.0,0.0,1.0,1.0,0.0,0.0,28.8186,3.92116,0,6177.0,4956,79.99
7356,300.0,100.0,100.0,5.0,7.0,7e-05,0.0001,0.00499996,0.00899976,0.0,0.0,0.0,0.0,1.0,1.0,0.0,0.0,28.8186,3.92116,0,6144.0,4923,75.88
7371,399.0,100.0,100.0,7.0,7.0,1e-05,7e-05,0.00499996,0.0139991,0.0,0.0,0.0,0.0,1.0,1.0,0.0,0.0,28.8186,3.92116,0,6129.0,4908,75.35
7389,700.0,0.0,100.0,5.0,7.0,0.0,1e-05,-0.0119994,0.00999967,0.0,0.0,0.0,0.0,1.0,1.0,0.0,0.0,28.8186,3.92116,0,6111.0,4890,75.99
7423,700.0,100.0,100.0,5.0,7.0,0.0,0.00023,-0.0119994,0.00899976,0.0,0.0,0.0,1.0,1.0,1.0,0.0,0.0,28.8186,3.92116,0,6077.0,4856,75.68
7456,700.0,100.0,100.0,6.0,6.0,0.00023,0.00023,-0.00499996,0.00899976,0.0,0.0,0.0,1.0,1.0,1.0,0.0,0.0,28.8186,3.92116,0,6044.0,4823,75.62
7488,600.0,100.0,100.0,6.0,6.0,0.00011,0.00023,-0.00499996,0.0139991,0.0,0.0,0.0,1.0,1.0,1.0,0.0,0.0,28.8186,3.92116,0,6012.0,4791,75.54
7518,600.0,100.0,100.0,6.0,6.0,0.00011,0.00031,-0.0159986,0.0139991,0.0,0.0,0.0,0.0,1.0,1.0,0.0,0.0,25.224,2.07443,0,5982.0,4761,75.65
7548,199.0,100.0,100.0,6.0,6.0,0.00031,0.00031,-0.0159986,0.00499996,0.0,0.0,0.0,0.0,1.0,1.0,0.0,0.0,25.224,2.07443,0,5952.0,4731,76.28
7557,500.0,100.0,100.0,6.0,6.0,0.00031,0.00031,-0.0159986,0.00499996,0.0,0.0,0.0,0.0,1.0,1.0,0.0,0.0,25.224,2.07443,0,5943.0,4722,78.28
7578,601.0,100.0,100.0,6.0,6.0,0.00031,0.00031,-0.0159986,0.00499996,0.0,0.0,0.0,0.0,1.0,1.0,0.0,0.0,25.224,2.07443,0,5922.0,4701,75.09
7608,700.0,100.0,100.0,5.0,7.0,0.00031,0.00034,-0.0159986,0.00499996,0.0,0.0,0.0,0.0,1.0,1.0,0.0,0.0,25.224,2.07443,0,5892.0,4671,75.21
7639,699.0,100.0,100.0,5.0,7.0,0.0003,0.00034,-0.00499996,0.002,0.0,0.0,0.0,0.0,1.0,1.0,0.0,0.0,25.224,2.07443,0,5861.0,4640,75.51
7672,700.0,100.0,100.0,6.0,6.0,0.00026,0.0003,-0.00499996,-0.002,0.0,0.0,0.0,1.0,1.0,1.0,0.0,0.0,25.224,2.07443,0,5828.0,4607,74.23
7709,600.0,100.0,100.0,6.0,6.0,0.0,0.00026,-0.00999967,-0.002,0.0,0.0,0.0,1.0,1.0,1.0,0.0,0.0,25.224,2.07443,0,5791.0,4570,75.43
7732,300.0,100.0,100.0,6.0,6.0,0.0,0.0001,-0.00999967,0.00999967,0.0,0.0,0.0,1.0,1.0,1.0,0.0,0.0,20.8594,1.82794,0,5768.0,4547,75.1
7745,700.0,100.0,100.0,6.0,6.0,0.0,0.0001,-0.00999967,0.00999967,0.0,0.0,0.0,1.0,1.0,1.0,0.0,0.0,20.8594,1.82794,0,5755.0,4534,74.69
7781,699.0,100.0,100.0,3.0,6.0,0.0001,0.00033,0.0,0.0119994,0.0,0.0,0.0,0.0,1.0,1.0,0.0,0.0,27.1953,4.66375,0,5719.0,4498,75.36
7818,301.0,100.0,100.0,3.0,4.0,0.00033,0.00034,-0.002,0.0189977,0.0,0.0,0.0,0.0,1.0,1.0,0.0,0.0,27.1953,4.66375,0,5682.0,4461,75.38
7829,699.0,100.0,100.0,4.0,4.0,0.00034,0.00034,-0.002,0.0189977,0.0,0.0,0.0,0.0,1.0,1.0,0.0,0.0,27.1953,4.66375,0,5671.0,4450,75.57
7863,900.0,100.0,100.0,4.0,4.0,0.0,0.00034,-0.002,0.0189977,1.0,0.0,0.0,0.0,1.0,1.0,0.0,0.0,27.1953,4.66375,0,5637.0,4416,66.89
7905,200.0,100.0,100.0,4.0,4.0,0.0,1e-05,-0.00699989,-0.002,1.0,0.0,0.0,0.0,1.0,1.0,0.0,0.0,27.1953,4.66375,0,5595.0,4374,73.59
7917,1000.0,100.0,100.0,4.0,4.0,1e-05,0.00024,-0.00699989,-0.00499996,1.0,0.0,0.0,0.0,1.0,1.0,0.0,0.0,27.1953,4.66375,0,5583.0,4362,74.47
7967,200.0,100.0,100.0,4.0,4.0,0.00024,0.00055,-0.00699989,-0.00499996,0.0,0.0,0.0,0.0,1.0,1.0,0.0,0.0,27.1953,4.66375,0,5533.0,4312,75.62
7976,699.0,100.0,100.0,3.0,6.0,0.00024,0.00055,-0.00699989,-0.00499996,0.0,0.0,0.0,1.0,1.0,1.0,0.0,0.0,27.1953,4.66375,0,5524.0,4303,75.12
8007,700.0,100.0,100.0,6.0,6.0,1e-05,0.00024,-0.00699989,-0.002,0.0,0.0,0.0,1.0,1.0,1.0,0.0,0.0,27.1953,4.66375,0,5493.0,4272,75.46
8042,700.0,100.0,100.0,6.0,6.0,0.0,1e-05,-0.00299999,0.00899976,0.0,0.0,0.0,1.0,1.0,1.0,0.0,0.0,27.1953,4.66375,0,5458.0,4237,75.94
8077,800.0,100.0,100.0,3.0,6.0,0.0,7e-05,-0.0139991,0.0169984,0.0,0.0,0.0,1.0,1.0,1.0,0.0,0.0,31.3082,3.10159,0,5423.0,4202,75.81
8113,700.0,100.0,100.0,3.0,4.0,7e-05,0.00023,-0.0189977,0.00299999,0.0,0.0,0.0,1.0,1.0,1.0,0.0,0.0,23.1465,2.42915,0,5387.0,4166,76.12
8148,700.0,100.0,100.0,3.0,6.0,0.00023,0.00031,-0.0189977,-0.00899976,0.0,0.0,0.0,1.0,1.0,1.0,0.0,0.0,23.1465,2.42915,0,5352.0,4131,80.43
8176,200.0,100.0,100.0,6.0,6.0,0.00031,0.00031,-0.0169984,0.00499996,0.0,0.0,0.0,1.0,1.0,1.0,0.0,0.0,23.1465,2.42915,0,5324.0,4103,78.41
8185,1100.0,100.0,100.0,5.0,7.0,7e-05,0.00031,-0.00499996,0.00499996,0.0,0.0,0.0,0.0,1.0,1.0,0.0,0.0,23.1465,2.42915,0,5315.0,4094,75.78
8239,100.0,100.0,100.0,5.0,6.0,7e-05,0.00026,0.00299999,0.00699989,0.0,0.0,0.0,0.0,1.0,1.0,0.0,0.0,23.1465,2.42915,0,5261.0,4040,75.66
8243,1101.0,100.0,100.0,5.0,7.0,0.00019,0.00026,-0.00699989,0.00699989,0.0,0.0,0.0,1.0,1.0,1.0,0.0,0.0,23.1465,2.42915,0,5257.0,4036,75.54
8293,399.0,100.0,100.0,6.0,6.0,0.00019,0.00019,-0.00699989,-0.00499996,0.0,0.0,0.0,0.0,1.0,1.0,0.0,0.0,23.1465,2.42915,0,5207.0,3986,74.99
8312,500.0,100.0,100.0,6.0,6.0,0.00018,0.00019,-0.00699989,0.002,0.0,0.0,0.0,1.0,1.0,1.0,0.0,0.0,23.1465,2.42915,0,5188.0,3967,74.06
8337,900.0,100.0,100.0,6.0,6.0,0.00018,0.00018,-0.00299999,0.002,0.0,0.0,0.0,1.0,1.0,1.0,0.0,0.0,23.1465,2.42915,0,5163.0,3942,75.78
8378,300.0,100.0,100.0,6.0,6.0,0.00018,0.00018,-0.00299999,0.002,0.0,0.0,0.0,1.0,1.0,1.0,0.0,0.0,23.1465,2.42915,0,5122.0,3901,75.67
8394,500.0,100.0,100.0,6.0,6.0,0.0004,0.0004,-0.002,0.002,0.0,0.0,0.0,1.0,1.0,1.0,0.0,0.0,23.3354,1.78471,0,5106.0,3885,76.52
8419,1000.0,100.0,100.0,6.0,6.0,0.0004,0.0004,-0.002,0.002,0.0,0.0,0.0,1.0,1.0,1.0,0.0,0.0,23.3354,1.78471,0,5081.0,3860,76.54
8464,300.0,100.0,100.0,6.0,6.0,0.00019,0.0004,-0.00499996,0.002,0.0,0.0,0.0,1.0,1.0,1.0,0.0,0.0,23.3354,1.78471,0,5036.0,3815,75.25
8478,1000.0,100.0,100.0,6.0,6.0,0.00019,0.00019,-0.00499996,0.002,0.0,0.0,0.0,1.0,1.0,1.0,0.0,0.0,29.6664,4.5027,0,5022.0,3801,78.35
8527,400.0,100.0,100.0,6.0,7.0,0.00013,0.00016,0.00299999,0.00699989,0.0,0.0,0.0,0.0,1.0,1.0,0.0,0.0,29.6664,4.5027,0,4973.0,3752,75.33
8541,1100.0,100.0,100.0,5.0,8.0,1e-05,0.00017,-0.002,0.0159986,0.0,0.0,0.0,0.0,1.0,1.0,0.0,0.0,29.6664,4.5027,0,4959.0,3738,75.1
8590,101.0,100.0,100.0,6.0,6.0,0.00017,0.00017,-0.002,0.0159986,0.0,0.0,0.0,0.0,1.0,1.0,0.0,0.0,29.6664,4.5027,0,4910.0,3689,79.54
8596,1200.0,100.0,100.0,5.0,7.0,0.0,0.00017,-0.002,0.0159986,0.0,0.0,0.0,0.0,1.0,1.0,0.0,0.0,29.6664,4.5027,0,4904.0,3683,68.99
8659,199.0,100.0,100.0,7.0,7.0,0.0,3e-05,-0.00699989,0.002,0.0,0.0,0.0,0.0,1.0,1.0,0.0,0.0,36.2803,5.44263,0,4841.0,3620,76.06
8666,1101.0,100.0,100.0,6.0,7.0,3e-05,0.0005,-0.00899976,0.00299999,0.0,0.0,0.0,0.0,1.0,1.0,0.0,0.0,36.2803,5.44263,0,4834.0,3613,81.39
8716,100.0,100.0,100.0,6.0,6.0,0.00044,0.00044,0.00299999,0.00499996,0.0,0.0,0.0,1.0,1.0,1.0,0.0,0.0,36.2803,5.44263,0,4784.0,3563,79.96
8722,700.0,100.0,100.0,6.0,6.0,0.00044,0.00047,0.00299999,0.0139991,0.0,0.0,0.0,1.0,1.0,1.0,0.0,0.0,36.2803,5.44263,0,4778.0,3557,76.94
8754,1000.0,100.0,100.0,6.0,6.0,0.0,0.00047,0.00499996,0.0169984,0.0,0.0,0.0,0.0,1.0,1.0,0.0,0.0,36.2803,5.44263,0,4746.0,3525,71.33
8803,0.0,100.0,100.0,6.0,7.0,0.0,1e-05,0.0,0.0169984,0.0,0.0,0.0,0.0,1.0,1.0,0.0,0.0,36.2803,5.44263,0,4697.0,3476,76.51
8804,1100.0,100.0,100.0,6.0,7.0,0.0,1e-05,0.0,0.0169984,0.0,0.0,0.0,0.0,1.0,1.0,0.0,0.0,36.2803,5.44263,0,4696.0,3475,81.14
8851,400.0,100.0,100.0,5.0,8.0,1e-05,1e-05,-0.00699989,0.0139991,0.0,0.0,0.0,0.0,1.0,1.0,0.0,0.0,36.2803,5.44263,0,4649.0,3428,81.76
8868,600.0,100.0,100.0,5.0,6.0,1e-05,0.00014,-0.00899976,-0.00699989,0.0,0.0,0.0,0.0,1.0,1.0,0.0,0.0,36.2803,5.44263,0,4632.0,3411,78.86
8898,801.0,100.0,100.0,5.0,6.0,0.0,0.00014,-0.00899976,0.0,0.0,0.0,0.0,0.0,1.0,1.0,0.0,0.0,59.3248,7.62392,0,4602.0,3381,80.2
8933,400.0,100.0,100.0,5.0,8.0,0.0,0.00014,-0.00499996,0.002,0.0,0.0,0.0,0.0,1.0,1.0,0.0,0.0,36.867,10.0296,0,4567.0,3346,81.39
8948,1000.0,100.0,100.0,6.0,7.0,0.00014,0.00041,-0.00999967,0.00299999,0.0,0.0,0.0,0.0,1.0,1.0,0.0,0.0,36.867,10.0296,0,4552.0,3331,81.28
8993,200.0,100.0,100.0,6.0,6.0,0.00041,0.00041,-0.00999967,0.00299999,0.0,0.0,0.0,0.0,1.0,1.0,0.0,0.0,36.867,10.0296,0,4507.0,3286,79.59
9002,800.0,100.0,100.0,6.0,6.0,0.00041,0.00041,-0.00999967,0.00299999,0.0,0.0,0.0,0.0,1.0,1.0,0.0,0.0,36.867,10.0296,0,4498.0,3277,84.19
9039,800.0,100.0,100.0,6.0,6.0,1e-05,0.00041,-0.00999967,0.00299999,0.0,0.0,0.0,0.0,1.0,1.0,0.0,0.0,36.867,10.0296,0,4461.0,3240,90.03
9068,101.0,100.0,100.0,6.0,6.0,1e-05,0.0005,-0.00999967,0.00299999,0.0,0.0,0.0,0.0,1.0,1.0,0.0,0.0,36.867,10.0296,0,4432.0,3211,85.91
9074,700.0,100.0,100.0,6.0,6.0,0.0005,0.0005,-0.00999967,0.00299999,0.0,0.0,0.0,0.0,1.0,1.0,0.0,0.0,36.867,10.0296,0,4426.0,3205,82.55
9100,699.0,100.0,100.0,6.0,6.0,0.0005,0.0005,-0.00999967,0.00299999,0.0,0.0,0.0,0.0,1.0,1.0,0.0,0.0,36.867,10.0296,0,4400.0,3179,79.96
9133,700.0,100.0,100.0,6.0,6.0,0.0005,0.0005,-0.00999967,0.00299999,0.0,0.0,0.0,0.0,1.0,1.0,0.0,0.0,36.867,10.0296,0,4367.0,3146,76.31
9165,400.0,100.0,100.0,5.0,7.0,0.00016,0.0005,-0.00999967,0.00499996,0.0,0.0,0.0,0.0,1.0,1.0,0.0,0.0,36.867,10.0296,0,4335.0,3114,75.55
9183,1000.0,100.0,100.0,5.0,7.0,0.00042,0.00042,-0.0119994,0.00499996,0.0,0.0,0.0,0.0,1.0,1.0,0.0,0.0,36.867,10.0296,0,4317.0,3096,75.58
9232,100.0,100.0,100.0,6.0,6.0,0.00041,0.00042,-0.00999967,-0.002,0.0,0.0,0.0,0.0,1.0,1.0,0.0,0.0,43.8211,9.76693,0,4268.0,3047,74.95
9235,800.0,100.0,100.0,6.0,6.0,0.00036,0.00041,-0.00699989,0.00999967,0.0,0.0,0.0,1.0,1.0,1.0,0.0,0.0,35.2028,9.82885,0,4265.0,3044,75.24
9272,700.0,100.0,100.0,6.0,6.0,0.00036,0.00036,-0.002,0.00999967,0.0,0.0,0.0,1.0,1.0,1.0,0.0,0.0,35.2028,9.82885,0,4228.0,3007,75.69
9309,300.0,100.0,100.0,6.0,7.0,0.0003,0.00036,-0.002,0.0119994,0.0,0.0,0.0,1.0,1.0,1.0,0.0,0.0,35.2028,9.82885,0,4191.0,2970,75.72
9324,801.0,100.0,100.0,5.0,7.0,4e-05,0.0003,0.00999967,0.0139991,0.0,0.0,0.0,0.0,1.0,1.0,0.0,0.0,35.2028,9.82885,0,4176.0,2955,74.01
9357,800.0,100.0,100.0,7.0,7.0,0.0,0.00012,0.0,0.0139991,0.0,0.0,0.0,0.0,1.0,1.0,0.0,0.0,35.2028,9.82885,0,4143.0,2922,75.58
9397,100.0,0.0,100.0,7.0,7.0,0.0,0.0,0.0,0.0,0.0,0.0,0.0,0.0,1.0,1.0,0.0,0.0,35.2028,9.82885,0,4103.0,2882,75.49
9402,900.0,0.0,100.0,5.0,8.0,0.0,0.00011,-0.00299999,0.0139991,0.0,0.0,0.0,0.0,1.0,1.0,0.0,0.0,35.2028,9.82885,0,4098.0,2877,75.58
9444,700.0,100.0,100.0,5.0,8.0,0.0,1e-05,-0.00299999,-0.00299999,0.0,0.0,0.0,0.0,1.0,1.0,0.0,0.0,35.2028,9.82885,0,4056.0,2835,75.51
9477,199.0,100.0,100.0,6.0,6.0,1e-05,0.00035,-0.00299999,-0.00299999,0.0,0.0,0.0,0.0,1.0,1.0,0.0,0.0,35.2028,9.82885,0,4023.0,2802,75.6
9485,1101.0,100.0,100.0,3.0,6.0,0.00035,0.00043,-0.0139991,0.0139991,0.0,0.0,0.0,0.0,1.0,1.0,0.0,0.0,35.2028,9.82885,0,4015.0,2794,76.07
9535,200.0,100.0,100.0,4.0,4.0,0.00025,0.00043,-0.0119994,0.0159986,0.0,0.0,0.0,0.0,1.0,1.0,0.0,0.0,35.2028,9.82885,0,3965.0,2744,75.76
9546,1199.0,100.0,100.0,4.0,4.0,1e-05,0.00038,-0.0119994,0.0159986,1.0,0.0,0.0,0.0,1.0,1.0,0.0,0.0,50.1146,4.289,0,3954.0,2733,70.13
9609,400.0,100.0,100.0,4.0,4.0,0.0,1e-05,-0.00999967,0.0139991,1.0,0.0,0.0,0.0,1.0,1.0,0.0,0.0,50.1146,4.289,0,3891.0,2670,78.07
9627,800.0,100.0,100.0,4.0,4.0,0.0,0.00024,-0.0139991,0.0159986,1.0,0.0,0.0,0.0,1.0,1.0,0.0,0.0,52.2782,7.41616,0,3873.0,2652,81.47
9664,1200.0,100.0,100.0,3.0,6.0,2e-05,0.00025,-0.00899976,0.0159986,0.0,0.0,0.0,0.0,1.0,1.0,0.0,0.0,52.2782,7.41616,0,3836.0,2615,70.29
9725,800.0,100.0,100.0,6.0,6.0,1e-05,2e-05,-0.00899976,0.00899976,0.0,0.0,0.0,0.0,1.0,1.0,0.0,0.0,52.2782,7.41616,0,3775.0,2554,77.6
9759,400.0,100.0,100.0,6.0,6.0,1e-05,0.00088,-0.00899976,0.00899976,0.0,0.0,0.0,0.0,1.0,1.0,0.0,0.0,52.2782,7.41616,0,3741.0,2520,77.68
9779,1300.0,100.0,100.0,6.0,6.0,0.00097,0.00097,-0.0279927,0.029991,0.0,0.0,0.0,1.0,1.0,1.0,0.0,0.0,67.2577,8.67278,0,3721.0,2500,69.3
9845,200.0,100.0,100.0,6.0,6.0,0.00097,0.00097,-0.0279927,0.029991,0.0,0.0,0.0,1.0,1.0,1.0,0.0,0.0,67.2577,8.67278,0,3655.0,2434,67.32
9855,1000.0,100.0,100.0,6.0,6.0,0.00085,0.00097,-0.0279927,0.029991,0.0,0.0,0.0,1.0,1.0,1.0,0.0,0.0,67.2577,8.67278,0,3645.0,2424,79.65
9898,300.0,100.0,100.0,6.0,6.0,0.00041,0.00093,-0.029991,0.0169984,0.0,0.0,0.0,0.0,1.0,1.0,0.0,0.0,67.2577,8.67278,0,3602.0,2381,81.61
9912,1200.0,100.0,100.0,6.0,6.0,0.00041,0.00041,-0.029991,0.0169984,0.0,0.0,0.0,0.0,1.0,1.0,0.0,0.0,67.2577,8.67278,0,3588.0,2367,81.51
9965,1200.0,100.0,100.0,6.0,6.0,0.00016,0.00041,-0.029991,0.0169984,0.0,0.0,0.0,0.0,1.0,1.0,0.0,0.0,67.2577,8.67278,0,3535.0,2314,84.19
10015,1199.0,100.0,100.0,6.0,6.0,0.00016,0.00017,-0.00999967,0.00499996,0.0,0.0,0.0,0.0,1.0,1.0,0.0,0.0,41.051,5.63175,0,3485.0,2264,76.38
10071,1200.0,100.0,100.0,6.0,6.0,0.00017,0.00037,-0.00999967,0.00499996,0.0,0.0,0.0,0.0,1.0,1.0,0.0,0.0,41.051,5.63175,0,3429.0,2208,82.42
10121,1100.0,100.0,100.0,6.0,6.0,0.00037,0.00037,-0.00699989,0.0209969,0.0,0.0,0.0,0.0,1.0,1.0,0.0,0.0,41.051,5.63175,0,3379.0,2158,78.33
10175,500.0,100.0,100.0,6.0,6.0,0.00037,0.00037,-0.00699989,0.0209969,0.0,0.0,0.0,0.0,1.0,1.0,0.0,0.0,41.051,5.63175,0,3325.0,2104,75.04
10196,900.0,100.0,100.0,6.0,6.0,0.00037,0.00037,-0.00699989,0.0209969,0.0,0.0,0.0,0.0,1.0,1.0,0.0,0.0,41.051,5.63175,0,3304.0,2083,66.9
10242,500.0,100.0,100.0,6.0,6.0,0.00021,0.00021,-0.0239954,0.0159986,0.0,0.0,0.0,0.0,1.0,1.0,0.0,0.0,28.5102,6.76316,0,3258.0,2037,72.32
10268,800.0,100.0,100.0,6.0,6.0,0.00021,0.00021,-0.0239954,0.0159986,0.0,0.0,0.0,0.0,1.0,1.0,0.0,0.0,28.5102,6.76316,0,3232.0,2011,80.44
10301,1101.0,100.0,100.0,5.0,8.0,0.00021,0.00021,-0.0239954,0.0159986,0.0,0.0,0.0,0.0,1.0,1.0,0.0,0.0,28.5102,6.76316,0,3199.0,1978,81.7
10352,1200.0,100.0,100.0,5.0,8.0,0.00021,0.00021,-0.00699989,-0.00299999,0.0,0.0,0.0,0.0,1.0,1.0,0.0,0.0,28.5102,6.76316,0,3148.0,1927,77.83
10406,1100.0,100.0,100.0,6.0,7.0,0.00014,0.00031,-0.00699989,-0.00299999,0.0,0.0,0.0,0.0,1.0,1.0,0.0,0.0,28.5102,6.76316,0,3094.0,1873,81.38
10451,100.0,100.0,100.0,6.0,6.0,0.00031,0.00031,-0.00699989,0.00299999,0.0,0.0,0.0,1.0,1.0,1.0,0.0,0.0,28.5102,6.76316,0,3049.0,1828,80.92
10459,1200.0,100.0,100.0,6.0,7.0,8e-05,0.00031,-0.00299999,0.00299999,0.0,0.0,0.0,1.0,1.0,1.0,0.0,0.0,18.8067,0.996109,0,3041.0,1820,76.34
10511,0.0,100.0,100.0,7.0,7.0,8e-05,8e-05,0.00299999,0.00299999,0.0,0.0,0.0,1.0,1.0,1.0,0.0,0.0,18.8067,0.996109,0,2989.0,1768,73.2
10514,1200.0,100.0,100.0,5.0,7.0,2e-05,0.00039,-0.00499996,0.00299999,0.0,0.0,0.0,1.0,1.0,1.0,0.0,0.0,18.8067,0.996109,0,2986.0,1765,73.07
10572,1000.0,100.0,100.0,6.0,7.0,0.0,0.00041,-0.00699989,0.00899976,0.0,0.0,0.0,1.0,1.0,1.0,0.0,0.0,18.8067,0.996109,0,2928.0,1707,75.76
10622,200.0,100.0,100.0,6.0,6.0,0.00041,0.00041,-0.00699989,0.00899976,0.0,0.0,0.0,1.0,1.0,1.0,0.0,0.0,18.8067,0.996109,0,2878.0,1657,75.72
10634,1200.0,100.0,100.0,6.0,6.0,0.00033,0.00041,-0.00699989,0.00899976,0.0,0.0,0.0,1.0,1.0,1.0,0.0,0.0,18.8067,0.996109,0,2866.0,1645,74.77
10686,1000.0,100.0,100.0,6.0,6.0,0.00033,0.00033,-0.00299999,-0.002,0.0,0.0,0.0,1.0,1.0,1.0,0.0,0.0,20.4396,3.16947,0,2814.0,1593,75.58
10732,199.0,100.0,100.0,6.0,6.0,0.00033,0.00033,-0.00299999,-0.002,0.0,0.0,0.0,1.0,1.0,1.0,0.0,0.0,20.4396,3.16947,0,2768.0,1547,75.57
10745,1200.0,100.0,100.0,5.0,6.0,0.00018,0.00033,-0.00299999,0.00299999,0.0,0.0,0.0,1.0,1.0,1.0,0.0,0.0,20.4396,3.16947,0,2755.0,1534,75.2
10799,200.0,100.0,100.0,5.0,5.0,0.0,0.00019,0.0,0.00299999,0.0,0.0,0.0,0.0,1.0,1.0,0.0,0.0,20.4396,3.16947,0,2701.0,1480,75.4
10808,1100.0,100.0,100.0,5.0,7.0,0.0,0.00026,-0.00899976,0.00899976,0.0,0.0,0.0,0.0,1.0,1.0,0.0,0.0,20.4396,3.16947,0,2692.0,1471,75.52
10865,1000.0,100.0,100.0,6.0,6.0,0.00026,0.00026,-0.00899976,0.00899976,0.0,0.0,0.0,0.0,1.0,1.0,0.0,0.0,20.4396,3.16947,0,2635.0,1414,75.66
10907,301.0,100.0,100.0,6.0,6.0,0.00026,0.00026,-0.00899976,0.0189977,0.0,0.0,0.0,0.0,1.0,1.0,0.0,0.0,20.4396,3.16947,0,2593.0,1372,75.56
10923,1000.0,100.0,100.0,6.0,6.0,0.00026,0.00026,-0.00499996,0.0189977,0.0,0.0,0.0,0.0,1.0,1.0,0.0,0.0,30.4062,4.13859,0,2577.0,1356,75.48
10968,500.0,100.0,100.0,6.0,6.0,0.00026,0.00026,-0.00499996,0.0189977,0.0,0.0,0.0,0.0,1.0,1.0,0.0,0.0,30.4062,4.13859,0,2532.0,1311,75.42
10992,400.0,100.0,100.0,6.0,6.0,0.00026,0.00026,-0.00499996,0.0189977,0.0,0.0,0.0,0.0,1.0,1.0,0.0,0.0,30.4062,4.13859,0,2508.0,1287,75.62
11012,900.0,100.0,100.0,6.0,6.0,0.00026,0.00026,-0.00499996,0.0189977,0.0,0.0,0.0,0.0,1.0,1.0,0.0,0.0,30.4062,4.13859,0,2488.0,1267,75.61
11052,399.0,100.0,100.0,6.0,6.0,0.00019,0.00019,0.0189977,0.0189977,0.0,0.0,0.0,0.0,1.0,1.0,0.0,0.0,48.7323,9.56145,0,2448.0,1227,75.61
11072,500.0,100.0,100.0,6.0,6.0,0.00012,0.00019,-0.0169984,0.0189977,0.0,0.0,0.0,0.0,1.0,1.0,0.0,0.0,48.7323,9.56145,0,2428.0,1207,75.51
11098,1000.0,100.0,100.0,6.0,6.0,1e-05,0.00012,-0.0209969,0.0189977,1.0,0.0,0.0,0.0,1.0,1.0,0.0,0.0,48.7323,9.56145,0,2402.0,1181,76.87
11144,1000.0,0.0,100.0,6.0,8.0,1e-05,9e-05,-0.0209969,-0.0189977,1.0,0.0,0.0,0.0,1.0,1.0,0.0,0.0,48.7323,9.56145,0,2356.0,1135,76.82
11190,601.0,0.0,100.0,5.0,8.0,9e-05,0.00017,-0.0209969,0.0,0.0,0.0,0.0,0.0,1.0,1.0,0.0,0.0,48.7323,9.56145,0,2310.0,1089,76.0
11216,399.0,100.0,100.0,6.0,6.0,7e-05,0.00017,-0.00499996,0.00299999,0.0,0.0,0.0,0.0,1.0,1.0,0.0,0.0,21.4644,3.792,0,2284.0,1063,81.78
11236,801.0,100.0,100.0,5.0,8.0,6e-05,0.00018,-0.00899976,0.00299999,0.0,0.0,0.0,0.0,1.0,1.0,0.0,0.0,21.4644,3.792,0,2264.0,1043,81.87
11269,500.0,100.0,100.0,6.0,6.0,0.00018,0.00018,-0.00899976,-0.00299999,0.0,0.0,0.0,0.0,1.0,1.0,0.0,0.0,21.4644,3.792,0,2231.0,1010,81.06
11291,400.0,100.0,100.0,6.0,6.0,0.00018,0.00018,-0.00899976,-0.00299999,0.0,0.0,0.0,0.0,1.0,1.0,0.0,0.0,21.4644,3.792,0,2209.0,988,84.62
11310,1000.0,100.0,100.0,6.0,6.0,0.00018,0.00018,-0.00899976,-0.00299999,0.0,0.0,0.0,0.0,1.0,1.0,0.0,0.0,21.4644,3.792,0,2190.0,969,82.43
11354,200.0,100.0,100.0,6.0,6.0,0.0004,0.0004,-0.00299999,0.00699989,0.0,0.0,0.0,0.0,1.0,1.0,0.0,0.0,21.4644,3.792,0,2146.0,925,82.68
11357,1100.0,100.0,100.0,6.0,6.0,0.0004,0.00041,-0.00299999,0.00699989,0.0,0.0,0.0,0.0,1.0,1.0,0.0,0.0,21.4644,3.792,0,2143.0,922,78.89
11410,200.0,100.0,100.0,6.0,6.0,0.00041,0.00041,0.00699989,0.00699989,0.0,0.0,0.0,0.0,1.0,1.0,0.0,0.0,23.8628,2.3053,0,2090.0,869,73.32
11417,1200.0,100.0,100.0,6.0,6.0,0.00041,0.00059,-0.00699989,0.00699989,0.0,0.0,0.0,0.0,1.0,1.0,0.0,0.0,23.8628,2.3053,0,2083.0,862,70.96
11478,1200.0,100.0,100.0,6.0,6.0,0.00059,0.00059,-0.00699989,0.00699989,0.0,0.0,0.0,0.0,1.0,1.0,0.0,0.0,26.9,2.2985,0,2022.0,801,77.58
11537,300.0,100.0,100.0,6.0,6.0,0.00059,0.00059,-0.00699989,0.00699989,0.0,0.0,0.0,0.0,1.0,1.0,0.0,0.0,26.9,2.2985,0,1963.0,742,79.27
11549,1000.0,100.0,100.0,6.0,6.0,1e-05,0.00059,-0.0119994,0.00699989,0.0,0.0,0.0,0.0,1.0,1.0,0.0,0.0,26.9,2.2985,0,1951.0,730,78.91
11594,100.0,100.0,100.0,6.0,7.0,0.0,1e-05,-0.0119994,0.0139991,0.0,0.0,0.0,0.0,1.0,1.0,0.0,0.0,26.9,2.2985,0,1906.0,685,74.67
11599,1000.0,100.0,100.0,6.0,7.0,0.0,1e-05,-0.0119994,0.0139991,0.0,0.0,0.0,0.0,1.0,1.0,0.0,0.0,26.9,2.2985,0,1901.0,680,78.95
11644,1801.0,0.0,100.0,2.0,11.0,0.0,0.01985,-0.032988,0.032988,1.0,1.0,0.0,0.0,1.0,1.0,0.0,1.0,26.9,2.2985,0,1856.0,635,37.76
11663,500.0,0.0,0.0,2.0,7.0,1e-05,0.01985,-0.0259941,0.0169984,0.0,0.0,0.0,0.0,1.0,1.0,0.0,1.0,26.9,2.2985,0,1837.0,616,40.31
11847,100.0,0.0,0.0,2.0,7.0,1e-05,0.01985,-0.0259941,0.0169984,0.0,0.0,0.0,0.0,1.0,1.0,0.0,1.0,26.9,2.2985,0,1653.0,432,56.94
11860,1100.0,0.0,0.0,2.0,7.0,1e-05,0.01985,-0.0259941,0.0169984,0.0,0.0,0.0,0.0,1.0,1.0,0.0,1.0,26.9,2.2985,0,1640.0,419,34.22
11962,601.0,0.0,0.0,2.0,7.0,1e-05,0.01985,-0.0259941,0.0169984,0.0,0.0,0.0,0.0,1.0,1.0,0.0,1.0,26.9,2.2985,0,1538.0,317,30.2
12046,800.0,0.0,0.0,2.0,7.0,1e-05,0.01985,-0.0259941,0.0169984,0.0,0.0,0.0,0.0,1.0,1.0,0.0,1.0,26.9,2.2985,0,1454.0,233,53.84
12098,1500.0,0.0,0.0,2.0,7.0,1e-05,0.01985,-0.0259941,0.0169984,0.0,0.0,0.0,0.0,1.0,1.0,0.0,1.0,26.9,2.2985,0,1402.0,181,42.5
12218,100.0,0.0,0.0,2.0,7.0,1e-05,0.01985,-0.0259941,0.0169984,0.0,0.0,0.0,0.0,1.0,1.0,0.0,1.0,26.9,2.2985,0,1282.0,61,31.17
12234,200.0,0.0,0.0,2.0,7.0,1e-05,0.01985,-0.0259941,0.0169984,0.0,0.0,0.0,0.0,1.0,1.0,0.0,1.0,26.9,2.2985,0,1266.0,45,21.5
